{"dfa": {}, "nfa": {"1": {"type": "nfa", "states": ["q_2", "q_4", "q_3", "q_5", "q_1"], "input_symbols": ["0", "1"], "finals": ["q_5"], "start_state": "q_1", "delta": [{"from": "q_1", "to": ["q_1"], "input": "0"}, {"from": "q_1", "to": ["q_2"], "input": "1"}, {"from": "q_2", "to": ["q_3"], "input": "0"}, {"from": "q_2", "to": ["q_2"], "input": "1"}, {"from": "q_3", "to": ["q_1"], "input": "0"}, {"from": "q_3", "to": ["q_4"], "input": "1"}, {"from": "q_4", "to": ["q_5"], "input": "0"}, {"from": "q_4", "to": ["q_2"], "input": "1"}, {"from": "q_5", "to": ["q_5"], "input": "0"}, {"from": "q_5", "to": ["q_5"], "input": "1"}], "epsilon_char": "_"}, "2": {"type": "nfa", "states": ["q0", "q1"], "input_symbols": ["0", "1"], "finals": ["q1"], "start_state": "q0", "delta": [{"from": "q0", "to": ["q1"], "input": "0"}, {"from": "q0", "to": ["q1"], "input": "1"}], "epsilon_char": "_"}, "3": {"type": "nfa", "states": ["q_3", "q_1", "q_2", "q_4"], "input_symbols": ["b", "a"], "finals": ["q_4"], "start_state": "q_1", "delta": [{"from": "q_1", "to": ["q_2"], "input": "a"}, {"from": "q_1", "to": ["q_1"], "input": "b"}, {"from": "q_2", "to": ["q_3"], "input": "b"}, {"from": "q_2", "to": ["q_2"], "input": "a"}, {"from": "q_3", "to": ["q_2"], "input": "b"}, {"from": "q_3", "to": ["q_4"], "input": "a"}, {"from": "q_4", "to": ["q_4"], "input": "a"}, {"from": "q_4", "to": ["q_4"], "input": "b"}], "epsilon_char": "_"}, "4": {"type": "nfa", "states": ["q_1", "q_2", "q_3"], "input_symbols": ["0", "1"], "finals": ["q_2", "q_3"], "start_state": "q_1", "delta": [{"from": "q_1", "to": ["q_1"], "input": "1"}, {"from": "q_1", "to": ["q_2"], "input": "0"}, {"from": "q_2", "to": ["q_2"], "input": "0"}, {"from": "q_2", "to": ["q_3"], "input": "1"}, {"from": "q_3", "to": ["q_3"], "input": "1"}], "epsilon_char": "_"}, "5": {"type": "nfa", "states": ["q_2", "q_4", "q_3", "q_5", "q_1"], "input_symbols": ["0", "1"], "finals": ["q_3", "q_2", "q_4"], "start_state": "q_1", "delta": [{"from": "q_1", "to": ["q_2"], "input": "0"}, {"from": "q_1", "to": ["q_3"], "input": "1"}, {"from": "q_2", "to": ["q_5"], "input": "0"}, {"from": "q_2", "to": ["q_4"], "input": "1"}, {"from": "q_3", "to": ["q_4"], "input": "0"}, {"from": "q_3", "to": ["q_1"], "input": "1"}, {"from": "q_4", "to": ["q_5"], "input": "0"}, {"from": "q_4", "to": ["q_2"], "input": "1"}, {"from": "q_5", "to": ["q_5"], "input": "0"}, {"from": "q_5", "to": ["q_5"], "input": "1"}], "epsilon_char": "_"}}, "pda": {}}